{"cameraMode":{"drawMode":0,"name":"Shaded","section":"Shading Mode"},"sceneLighting":false,"audioPlay":false,"sceneViewState":{"m_AlwaysRefresh":false,"showFog":true,"showSkybox":false,"showFlares":true,"showImageEffects":true,"showParticleSystems":true,"showVisualEffectGraphs":true,"m_FxEnabled":true},"in2DMode":false,"pivot":{"x":74.19999694824219,"y":14.020000457763672,"z":10.100000381469727},"rotation":{"x":0.14084026217460633,"y":-0.001178286038339138,"z":0.00016767650959081948,"w":0.9900332093238831},"size":6.138778209686279,"orthographic":false}