{"cameraMode":{"drawMode":0,"name":"Shaded","section":"Shading Mode"},"sceneLighting":false,"audioPlay":false,"sceneViewState":{"m_AlwaysRefresh":false,"showFog":true,"showSkybox":false,"showFlares":true,"showImageEffects":true,"showParticleSystems":true,"showVisualEffectGraphs":true,"m_FxEnabled":true},"in2DMode":false,"pivot":{"x":-0.09324109554290772,"y":2.071842908859253,"z":0.5068680047988892},"rotation":{"x":0.037057194858789447,"y":0.15170283615589143,"z":-0.005690975580364466,"w":0.9877173900604248},"size":3.700674295425415,"orthographic":false}