{"cameraMode":{"drawMode":0,"name":"Shaded","section":"Shading Mode"},"sceneLighting":true,"audioPlay":false,"sceneViewState":{"m_AlwaysRefresh":false,"showFog":true,"showSkybox":true,"showFlares":true,"showImageEffects":true,"showParticleSystems":true,"showVisualEffectGraphs":true,"m_FxEnabled":true},"in2DMode":false,"pivot":{"x":278.10089111328127,"y":31.666412353515626,"z":439.15057373046877},"rotation":{"x":-0.5400006175041199,"y":-0.19055534899234773,"z":0.12694483995437623,"w":-0.809969425201416},"size":24.082027435302736,"orthographic":false}