{"cameraMode":{"drawMode":0,"name":"Shaded","section":"Shading Mode"},"sceneLighting":false,"audioPlay":false,"sceneViewState":{"m_AlwaysRefresh":false,"showFog":true,"showSkybox":false,"showFlares":true,"showImageEffects":true,"showParticleSystems":true,"showVisualEffectGraphs":true,"m_FxEnabled":true},"in2DMode":false,"pivot":{"x":4.415379047393799,"y":9.485940933227539,"z":0.15944957733154298},"rotation":{"x":-0.03895673528313637,"y":-0.041354961693286899,"z":-0.0016143027460202575,"w":0.9983872175216675},"size":16.958812713623048,"orthographic":true}